Date,Mood
2025-04-03,ğŸ˜† Excited
2025-04-03,ğŸ˜Š Happy
2025-04-03,ğŸ˜² Surprised
2025-04-03,ğŸ˜¢ Sad
2025-04-03,ğŸ¤© Joyful
2025-04-03,ğŸ˜ Love
2025-04-03,ğŸ‰ Lively
2025-04-03,ğŸ˜ Proud
2025-04-03,ğŸ˜† Excited
2025-04-03,ğŸ˜² Surprised
2025-04-03,ğŸ˜ Proud
2025-04-03,ğŸ˜Š Happy
2025-04-03,ğŸ˜ Love
2025-04-03,ğŸ‰ Lively
2025-04-03,ğŸ¤© Joyful
2025-04-03,ğŸ˜¢ Sad
2025-04-03,ğŸ˜† Excited
2025-04-03,ğŸ˜¢ Sad
2025-04-03,ğŸ˜Š Happy
2025-04-03,ğŸ˜² Surprised
2025-04-03,ğŸ¤© Joyful
2025-04-03,ğŸ˜ Love
2025-04-03,ğŸ˜ Love
2025-04-03,ğŸ˜¢ Sad
2025-04-03,ğŸ˜Š Happy
2025-04-03,ğŸ˜† Excited
2025-04-03,ğŸ˜² Surprised
2025-04-03,ğŸ˜† Excited
2025-04-03,ğŸ˜Š Happy
2025-04-03,ğŸ˜ Love
2025-04-03,ğŸ˜ Proud
2025-04-03,ğŸ˜¬ Nervous
2025-04-03,ğŸ‰ Lively
2025-04-03,ğŸ˜Š Happy
2025-04-03,ğŸ˜† Excited
2025-04-03,ğŸ˜Š Happy
2025-04-03,ğŸ˜² Surprised
2025-04-03,ğŸ˜ Love
2025-04-03,ğŸ˜Š Happy
2025-04-03,ğŸ˜† Excited
2025-04-03,ğŸ˜† Excited
2025-04-03,ğŸ˜† Excited
2025-04-03,ğŸ˜ Proud
2025-04-03,ğŸ¤© Joyful
2025-04-03,ğŸ¤© Joyful
2025-04-03,ğŸ¤© Joyful
2025-04-03,ğŸ˜Š Happy
2025-04-03,ğŸ˜ Love
2025-04-03,ğŸ˜† Excited
2025-04-03,ğŸ˜ Love
2025-04-03,ğŸ¤© Joyful
2025-04-03,ğŸ˜² Surprised
2025-04-03,ğŸ˜ Proud
2025-04-03,ğŸ¤ Hopeful
2025-04-03,ğŸ¤ Hopeful
